task,sample,object,difference,error_type,who_is_right,action,note
lane,bb890202-d9d48310.jpg,vach_dut_phan_lan,Toi ve tung doan dut thanh cac polyline rieng trong khi reference noi thanh 1 polyline xuyen suot tim cac net dut,geometry,reference,rework,Card 1 quy dinh ro 1 polyline duy nhat bam theo tim cac net dut khong tach roi
lane,c3cd6c82-b5d52beb.jpg,R3/B2_vach_bien_trang,Chua chon laneTypes laneStyle laneDirection; reference gan single white solid parallel,attribute,reference,rework,Vach bien phai la vach don trang lien net song song huong xe chay
lane,bb890202-d9d48310.jpg,vach_trai_canh_xe_SUV,Polyline dung ngay goc sau xe SUV phia truoc khong noi tiep qua xe,geometry,me,keep,Quy tac 3 trong card 1 quy dinh bi che thi dung khong doan tiep qua than xe
drivable,c068a67b-03b6e200.jpg,direct,direct vung hinh hoc khop rat cao voi reference (IoU 0.920 lech rat it o mep vung),geometry,me,keep,Lan direct truoc mui xe duoc xac dinh chinh xac bam theo vach ke duong
drivable,c068a67b-03b6e200.jpg,alternative,Vung alternative toi ve rong hon reference (thua pixel o mep lan do keo vao khu vuc xe do),geometry,reference,rework,Card 2 quy dinh khu vuc co xe do phia truoc khong thuoc vung di chuyen duoc ngay nen khong to tran vao
drivable,bb5cc516-c98d1fbe.jpg,direct,direct lech o phan phia tren do anh mua bi mo kinh va gia do che goc tren,geometry,reference,add_rule,Dung lai o vung con nhin ro mat duong khong keo qua vung bi gia do kinh hoac vet mua che khuat
traffic_sign,00088.png,B3,B3: box bien chi dan cao toc Bochum 900m ban ve khong co trong reference,guideline_gap,me,add_rule,Bien chi dan tren long mon khong thuoc 43 class GTSDB nen reference bo qua thuc te can gan nhan
traffic_sign,00223.png,B2,B2: box bien phu khoang cach 300m ban ve khong co trong reference,guideline_gap,me,add_rule,Bien phu chu nhat khong nam trong 43 class GTSDB nhung thuc te bo tro hieu luc bien 30
traffic_sign,00206.png,R4/B3,R4/B3: sign_family: ban mandatory reference other,class,reference,rework,GTSDB quy uoc bien 13 give way thuoc nhom other
traffic_light,dayClip5--01606.jpg,R#2/B#0,R#2/B#0 pictogram frame 0-29 de undefined trong khi reference la arrow_left,attribute,reference,rework,Dau den ben trai tren gia treo co bieu tuong mui ten re trai ro rang
traffic_light,dayClip5--01606.jpg,R#0/B#1,R#0/B#1 frame doi state tai frame 15 khop hoan toan voi reference tu red sang green,temporal,me,keep,Thoi diem chuyen mau den giao thong tai frame 15 duoc xac dinh chinh xac tuyet doi
